defect_type,image_name,image_path,anomaly_score,label,is_anomaly
combined,014,datasets/mvtec_anomaly_detection/pill/test/combined/014.png,233.671631,1,Anomaly
color,003,datasets/mvtec_anomaly_detection/pill/test/color/003.png,231.419113,1,Anomaly
combined,008,datasets/mvtec_anomaly_detection/pill/test/combined/008.png,231.234711,1,Anomaly
scratch,020,datasets/mvtec_anomaly_detection/pill/test/scratch/020.png,229.827393,1,Anomaly
combined,009,datasets/mvtec_anomaly_detection/pill/test/combined/009.png,229.701218,1,Anomaly
combined,010,datasets/mvtec_anomaly_detection/pill/test/combined/010.png,229.191696,1,Anomaly
scratch,010,datasets/mvtec_anomaly_detection/pill/test/scratch/010.png,228.842133,1,Anomaly
color,020,datasets/mvtec_anomaly_detection/pill/test/color/020.png,228.827087,1,Anomaly
contamination,011,datasets/mvtec_anomaly_detection/pill/test/contamination/011.png,227.430832,1,Anomaly
scratch,019,datasets/mvtec_anomaly_detection/pill/test/scratch/019.png,227.139557,1,Anomaly
scratch,018,datasets/mvtec_anomaly_detection/pill/test/scratch/018.png,226.675949,1,Anomaly
color,001,datasets/mvtec_anomaly_detection/pill/test/color/001.png,226.278000,1,Anomaly
contamination,015,datasets/mvtec_anomaly_detection/pill/test/contamination/015.png,226.163757,1,Anomaly
pill_type,000,datasets/mvtec_anomaly_detection/pill/test/pill_type/000.png,225.960190,1,Anomaly
color,021,datasets/mvtec_anomaly_detection/pill/test/color/021.png,225.199341,1,Anomaly
color,014,datasets/mvtec_anomaly_detection/pill/test/color/014.png,225.026367,1,Anomaly
faulty_imprint,017,datasets/mvtec_anomaly_detection/pill/test/faulty_imprint/017.png,224.781219,1,Anomaly
color,008,datasets/mvtec_anomaly_detection/pill/test/color/008.png,224.311935,1,Anomaly
pill_type,008,datasets/mvtec_anomaly_detection/pill/test/pill_type/008.png,224.214401,1,Anomaly
faulty_imprint,018,datasets/mvtec_anomaly_detection/pill/test/faulty_imprint/018.png,223.954636,1,Anomaly
scratch,007,datasets/mvtec_anomaly_detection/pill/test/scratch/007.png,223.903488,1,Anomaly
pill_type,003,datasets/mvtec_anomaly_detection/pill/test/pill_type/003.png,223.889023,1,Anomaly
pill_type,005,datasets/mvtec_anomaly_detection/pill/test/pill_type/005.png,223.378830,1,Anomaly
color,013,datasets/mvtec_anomaly_detection/pill/test/color/013.png,222.966095,1,Anomaly
faulty_imprint,010,datasets/mvtec_anomaly_detection/pill/test/faulty_imprint/010.png,222.247360,1,Anomaly
scratch,021,datasets/mvtec_anomaly_detection/pill/test/scratch/021.png,221.997681,1,Anomaly
contamination,016,datasets/mvtec_anomaly_detection/pill/test/contamination/016.png,221.726196,1,Anomaly
contamination,008,datasets/mvtec_anomaly_detection/pill/test/contamination/008.png,220.893616,1,Anomaly
scratch,009,datasets/mvtec_anomaly_detection/pill/test/scratch/009.png,220.814438,1,Anomaly
contamination,007,datasets/mvtec_anomaly_detection/pill/test/contamination/007.png,220.460861,1,Anomaly
crack,025,datasets/mvtec_anomaly_detection/pill/test/crack/025.png,220.418793,1,Anomaly
pill_type,004,datasets/mvtec_anomaly_detection/pill/test/pill_type/004.png,220.275070,1,Anomaly
scratch,014,datasets/mvtec_anomaly_detection/pill/test/scratch/014.png,220.131683,1,Anomaly
contamination,010,datasets/mvtec_anomaly_detection/pill/test/contamination/010.png,219.260544,1,Anomaly
scratch,002,datasets/mvtec_anomaly_detection/pill/test/scratch/002.png,218.972229,1,Anomaly
contamination,001,datasets/mvtec_anomaly_detection/pill/test/contamination/001.png,218.301682,1,Anomaly
contamination,019,datasets/mvtec_anomaly_detection/pill/test/contamination/019.png,218.112610,1,Anomaly
contamination,004,datasets/mvtec_anomaly_detection/pill/test/contamination/004.png,217.604462,1,Anomaly
color,005,datasets/mvtec_anomaly_detection/pill/test/color/005.png,217.149887,1,Anomaly
faulty_imprint,013,datasets/mvtec_anomaly_detection/pill/test/faulty_imprint/013.png,217.043747,1,Anomaly
scratch,006,datasets/mvtec_anomaly_detection/pill/test/scratch/006.png,216.315369,1,Anomaly
scratch,022,datasets/mvtec_anomaly_detection/pill/test/scratch/022.png,215.390228,1,Anomaly
contamination,017,datasets/mvtec_anomaly_detection/pill/test/contamination/017.png,215.387634,1,Anomaly
crack,021,datasets/mvtec_anomaly_detection/pill/test/crack/021.png,214.955002,1,Anomaly
contamination,006,datasets/mvtec_anomaly_detection/pill/test/contamination/006.png,214.588135,1,Anomaly
crack,011,datasets/mvtec_anomaly_detection/pill/test/crack/011.png,213.929489,1,Anomaly
color,017,datasets/mvtec_anomaly_detection/pill/test/color/017.png,213.589478,1,Anomaly
scratch,023,datasets/mvtec_anomaly_detection/pill/test/scratch/023.png,213.571106,1,Anomaly
contamination,020,datasets/mvtec_anomaly_detection/pill/test/contamination/020.png,213.285568,1,Anomaly
scratch,008,datasets/mvtec_anomaly_detection/pill/test/scratch/008.png,212.842499,1,Anomaly
combined,012,datasets/mvtec_anomaly_detection/pill/test/combined/012.png,212.173264,1,Anomaly
faulty_imprint,014,datasets/mvtec_anomaly_detection/pill/test/faulty_imprint/014.png,211.804977,1,Anomaly
contamination,012,datasets/mvtec_anomaly_detection/pill/test/contamination/012.png,211.638519,1,Anomaly
contamination,005,datasets/mvtec_anomaly_detection/pill/test/contamination/005.png,210.623138,1,Anomaly
faulty_imprint,003,datasets/mvtec_anomaly_detection/pill/test/faulty_imprint/003.png,209.080292,1,Anomaly
scratch,011,datasets/mvtec_anomaly_detection/pill/test/scratch/011.png,208.870346,1,Anomaly
crack,016,datasets/mvtec_anomaly_detection/pill/test/crack/016.png,208.622742,1,Anomaly
crack,023,datasets/mvtec_anomaly_detection/pill/test/crack/023.png,207.774582,1,Anomaly
crack,017,datasets/mvtec_anomaly_detection/pill/test/crack/017.png,207.100098,1,Anomaly
faulty_imprint,000,datasets/mvtec_anomaly_detection/pill/test/faulty_imprint/000.png,206.996689,1,Anomaly
crack,000,datasets/mvtec_anomaly_detection/pill/test/crack/000.png,206.960449,1,Anomaly
faulty_imprint,004,datasets/mvtec_anomaly_detection/pill/test/faulty_imprint/004.png,206.672211,1,Anomaly
faulty_imprint,002,datasets/mvtec_anomaly_detection/pill/test/faulty_imprint/002.png,206.426193,1,Anomaly
scratch,016,datasets/mvtec_anomaly_detection/pill/test/scratch/016.png,206.249146,1,Anomaly
crack,009,datasets/mvtec_anomaly_detection/pill/test/crack/009.png,206.013428,1,Anomaly
crack,007,datasets/mvtec_anomaly_detection/pill/test/crack/007.png,205.601044,1,Anomaly
color,007,datasets/mvtec_anomaly_detection/pill/test/color/007.png,202.950043,1,Anomaly
crack,010,datasets/mvtec_anomaly_detection/pill/test/crack/010.png,202.944992,1,Anomaly
good,017,datasets/mvtec_anomaly_detection/pill/test/good/017.png,202.318939,0,Normal
good,019,datasets/mvtec_anomaly_detection/pill/test/good/019.png,199.273178,0,Normal
crack,020,datasets/mvtec_anomaly_detection/pill/test/crack/020.png,199.222931,1,Anomaly
crack,024,datasets/mvtec_anomaly_detection/pill/test/crack/024.png,198.987915,1,Anomaly
crack,014,datasets/mvtec_anomaly_detection/pill/test/crack/014.png,196.383179,1,Anomaly
good,003,datasets/mvtec_anomaly_detection/pill/test/good/003.png,194.726532,0,Normal
good,021,datasets/mvtec_anomaly_detection/pill/test/good/021.png,194.625961,0,Normal
good,002,datasets/mvtec_anomaly_detection/pill/test/good/002.png,192.129562,0,Normal
good,007,datasets/mvtec_anomaly_detection/pill/test/good/007.png,191.873505,0,Normal
good,005,datasets/mvtec_anomaly_detection/pill/test/good/005.png,191.187988,0,Normal
crack,008,datasets/mvtec_anomaly_detection/pill/test/crack/008.png,188.987854,1,Anomaly
good,013,datasets/mvtec_anomaly_detection/pill/test/good/013.png,188.211609,0,Normal
good,015,datasets/mvtec_anomaly_detection/pill/test/good/015.png,187.319305,0,Normal
good,022,datasets/mvtec_anomaly_detection/pill/test/good/022.png,186.818848,0,Normal
good,008,datasets/mvtec_anomaly_detection/pill/test/good/008.png,186.248383,0,Normal
good,020,datasets/mvtec_anomaly_detection/pill/test/good/020.png,183.506500,0,Normal
